D_REG,BRAND,MODEL,MAKE_YEAR,COLOR,FUEL,N_REG_NEW
24.03.2021,LEXUS,ES 250,2020,БІЛИЙ,БЕНЗИН,АЕ3885РС
24.03.2021,LEXUS,RX 350,2020,БІЛИЙ,БЕНЗИН,ВН2763МР
12.01.2021,LEXUS,NX 300,2020,БІЛИЙ,БЕНЗИН,КА1212ВА
05.02.2021,LEXUS,NX 200,2020,БІЛИЙ,БЕНЗИН,КА8033АТ
30.01.2021,LEXUS,RX 300,2020,БІЛИЙ,БЕНЗИН,АА4244КТ
27.02.2021,LEXUS,RX 300,2020,БІЛИЙ,БЕНЗИН,АЕ8283ОХ
10.03.2021,LEXUS,RX 350,2020,БІЛИЙ,БЕНЗИН,АА2299ХТ
13.02.2021,LEXUS,NX 200,2020,БІЛИЙ,БЕНЗИН,КА3257СО
13.02.2021,LEXUS,RX 350,2020,БІЛИЙ,БЕНЗИН,ВЕ1115СМ
03.02.2021,LEXUS,NX 300,2020,БІЛИЙ,БЕНЗИН,ВК2439НН
19.01.2021,LEXUS,ES 250,2020,БІЛИЙ,БЕНЗИН,ВН6030ОМ
13.02.2021,LEXUS,RX 300,2020,БІЛИЙ,БЕНЗИН,СА2421ІС
29.01.2021,LEXUS,RX 300,2020,БІЛИЙ,БЕНЗИН,ВН0904ОІ
29.01.2021,LEXUS,RX 450H,2020,БІЛИЙ,БЕНЗИН,КЕ2222ЕК
16.02.2021,LEXUS,ES 250,2020,БІЛИЙ,БЕНЗИН,ВН0047ЕО
20.01.2021,LEXUS,ES 250,2020,БІЛИЙ,БЕНЗИН,КА4572СО
14.01.2021,LEXUS,RX 300,2020,БІЛИЙ,БЕНЗИН,ВН3013ОЕ
16.02.2021,LEXUS,RX 300,2020,БІЛИЙ,БЕНЗИН,КА9471СО
16.02.2021,LEXUS,NX 200,2020,БІЛИЙ,БЕНЗИН,КА8127СО
18.02.2021,LEXUS,RX 300,2020,БІЛИЙ,БЕНЗИН,АА0079РВ
25.02.2021,LEXUS,RX 300,2020,БІЛИЙ,БЕНЗИН,АЕ9254РВ
25.02.2021,LEXUS,RX 300,2020,БІЛИЙ,БЕНЗИН,АЕ9254РВ
02.02.2021,LEXUS,RX 300,2020,БІЛИЙ,БЕНЗИН,КА4700ВХ
02.02.2021,LEXUS,RX 300,2020,БІЛИЙ,БЕНЗИН,АН7450ОК
23.02.2021,LEXUS,RX 300,2020,БІЛИЙ,БЕНЗИН,АХ8080ЕЕ
20.02.2021,LEXUS,RX 300,2020,БІЛИЙ,БЕНЗИН,АТ0001ІЕ
14.01.2021,LEXUS,ES 250,2020,БІЛИЙ,БЕНЗИН,КА8873ВТ
26.01.2021,LEXUS,NX 200,2020,БІЛИЙ,БЕНЗИН,АІ0888ЕХ
18.03.2021,LEXUS,RX 300,2020,БІЛИЙ,БЕНЗИН,КА5340СА
05.02.2021,LEXUS,RX 300,2020,БІЛИЙ,БЕНЗИН,КА7229СО
12.03.2021,LEXUS,RX 350,2020,БІЛИЙ,БЕНЗИН,АХ1003КІ
02.02.2021,LEXUS,NX 200,2020,БІЛИЙ,БЕНЗИН,КА3852СО
12.01.2021,LEXUS,NX 200,2020,БІЛИЙ,БЕНЗИН,АВ7576НТ
27.01.2021,LEXUS,ES 250,2020,БІЛИЙ,БЕНЗИН,АЕ8007ОС
11.02.2021,LEXUS,RX 450H,2020,БІЛИЙ,БЕНЗИН,АЕ3993ІР
02.02.2021,LEXUS,RX 350,2020,БІЛИЙ,БЕНЗИН,ВМ0022ВХ
29.01.2021,LEXUS,RX 300,2020,БІЛИЙ,БЕНЗИН,АО0777РІ
10.03.2021,LEXUS,NX 200,2020,БІЛИЙ,БЕНЗИН,АХ7471КВ
09.02.2021,LEXUS,NX 200,2020,БІЛИЙ,БЕНЗИН,АТ5858СА
05.03.2021,LEXUS,RX 350,2020,БІЛИЙ,БЕНЗИН,ВС7722НС
20.01.2021,LEXUS,RX 300,2020,БІЛИЙ,БЕНЗИН,АІ0087КТ
28.01.2021,LEXUS,RX 300,2020,БІЛИЙ,БЕНЗИН,ВО1505СР
17.02.2021,LEXUS,NX 200,2020,БІЛИЙ,БЕНЗИН,ВС7877ІТ
17.02.2021,LEXUS,NX 200,2020,БІЛИЙ,БЕНЗИН,КА9377СО
21.01.2021,LEXUS,NX 200,2020,БІЛИЙ,БЕНЗИН,КА7054ВО
16.02.2021,LEXUS,NX 200,2020,БІЛИЙ,БЕНЗИН,КА3269СО
21.01.2021,LEXUS,NX 200,2020,БІЛИЙ,БЕНЗИН,АІ4449ІС
09.02.2021,LEXUS,RX 300,2020,БІЛИЙ,БЕНЗИН,КА3110СО
05.03.2021,LEXUS,RX 300,2020,БІЛИЙ,БЕНЗИН,АЕ1811КІ
20.01.2021,LEXUS,NX 200,2020,БІЛИЙ,БЕНЗИН,АХ7800КН
06.02.2021,LEXUS,RX 300,2020,БІЛИЙ,БЕНЗИН,ВА3993СІ
03.02.2021,LEXUS,NX 200,2020,БІЛИЙ,БЕНЗИН,КА2548СО
19.01.2021,LEXUS,NX 200,2020,БІЛИЙ,БЕНЗИН,АХ5415КВ
04.03.2021,LEXUS,NX 200,2020,БІЛИЙ,БЕНЗИН,КХ0021ВВ
21.01.2021,LEXUS,NX 200,2020,БІЛИЙ,БЕНЗИН,АІ7870МІ
04.01.2021,LEXUS,NX 200,2020,БІЛИЙ,БЕНЗИН,СВ0875СХ
18.02.2021,LEXUS,RX 350,2020,БІЛИЙ,БЕНЗИН,ВХ4839ЕР
04.01.2021,LEXUS,RX 350,2020,БІЛИЙ,БЕНЗИН,КА3333ВК
03.02.2021,LEXUS,RX 350,2020,БІЛИЙ,БЕНЗИН,КІ7777СЕ
23.02.2021,LEXUS,NX 200,2020,БІЛИЙ,БЕНЗИН,АХ8300КЕ
11.02.2021,LEXUS,RX 300,2020,БІЛИЙ,БЕНЗИН,АХ1771ІЕ
19.01.2021,LEXUS,NX 200,2020,БІЛИЙ,БЕНЗИН,ВО0177СО
02.03.2021,LEXUS,RX 300,2020,БІЛИЙ,БЕНЗИН,КА3584СР
19.02.2021,LEXUS,RX 350,2020,БІЛИЙ,БЕНЗИН,ВН7070ВО
05.01.2021,LEXUS,NX 200,2020,БІЛИЙ,БЕНЗИН,АО2233СН
11.03.2021,LEXUS,RX 300,2020,БІЛИЙ,БЕНЗИН,АХ7484КВ
12.01.2021,LEXUS,NX 200,2020,БІЛИЙ,БЕНЗИН,КА9987ВІ
27.01.2021,LEXUS,NX 200,2020,БІЛИЙ,БЕНЗИН,АА7121РА
12.01.2021,LEXUS,ES 250,2020,БІЛИЙ,БЕНЗИН,ВН2585ОН
20.02.2021,LEXUS,RX 300,2020,БІЛИЙ,БЕНЗИН,АА3444ММ
23.02.2021,LEXUS,NX 200,2020,БІЛИЙ,БЕНЗИН,ВС7655МК
24.03.2021,LEXUS,RX 300,2020,БІЛИЙ,БЕНЗИН,АХ4070КВ
15.01.2021,LEXUS,RX 300,2020,БІЛИЙ,БЕНЗИН,АХ4070КВ
27.01.2021,LEXUS,RX 300,2020,БІЛИЙ,БЕНЗИН,АХ4070КВ
23.03.2021,LEXUS,RX 300,2020,БІЛИЙ,БЕНЗИН,АХ4070КВ
26.01.2021,LEXUS,NX 200,2020,БІЛИЙ,БЕНЗИН,АЕ0910ВА
25.02.2021,LEXUS,RX 350,2020,БІЛИЙ,БЕНЗИН,ВВ9669СЕ
11.03.2021,LEXUS,RX 300,2020,БІЛИЙ,БЕНЗИН,АО2796ЕР
14.02.2021,LEXUS,RX 350,2020,БІЛИЙ,БЕНЗИН,КА2943СР
05.01.2021,LEXUS,NX 200,2020,БІЛИЙ,БЕНЗИН,СЕ0701МІ
20.03.2021,LEXUS,RX 300,2020,БІЛИЙ,БЕНЗИН,КА3982СА
17.03.2021,LEXUS,RX 300,2020,БІЛИЙ,БЕНЗИН,КА4652СА
29.01.2021,LEXUS,RX 300,2020,БІЛИЙ,БЕНЗИН,АЕ5671ОХ
